<annotation>
	<folder>train</folder>
	<filename>155-with-mask.jpg</filename>
	<path>D:\face_mask_detector\train\155-with-mask.jpg</path>
	<source>
		<database>Unknown</database>
	</source>
	<size>
		<width>206</width>
		<height>244</height>
		<depth>3</depth>
	</size>
	<segmented>0</segmented>
	<object>
		<name>with_mask</name>
		<pose>Unspecified</pose>
		<truncated>1</truncated>
		<difficult>0</difficult>
		<bndbox>
			<xmin>19</xmin>
			<ymin>1</ymin>
			<xmax>172</xmax>
			<ymax>167</ymax>
		</bndbox>
	</object>
</annotation>
