<annotation>
	<folder>train</folder>
	<filename>156.jpg</filename>
	<path>D:\face_mask_detector\train\156.jpg</path>
	<source>
		<database>Unknown</database>
	</source>
	<size>
		<width>260</width>
		<height>194</height>
		<depth>3</depth>
	</size>
	<segmented>0</segmented>
	<object>
		<name>without_mask</name>
		<pose>Unspecified</pose>
		<truncated>0</truncated>
		<difficult>0</difficult>
		<bndbox>
			<xmin>81</xmin>
			<ymin>15</ymin>
			<xmax>198</xmax>
			<ymax>149</ymax>
		</bndbox>
	</object>
</annotation>
