<annotation>
	<folder>train</folder>
	<filename>18.jpg</filename>
	<path>D:\face_mask_detector\train\18.jpg</path>
	<source>
		<database>Unknown</database>
	</source>
	<size>
		<width>236</width>
		<height>285</height>
		<depth>3</depth>
	</size>
	<segmented>0</segmented>
	<object>
		<name>without_mask</name>
		<pose>Unspecified</pose>
		<truncated>0</truncated>
		<difficult>0</difficult>
		<bndbox>
			<xmin>17</xmin>
			<ymin>8</ymin>
			<xmax>221</xmax>
			<ymax>241</ymax>
		</bndbox>
	</object>
</annotation>
