<annotation>
	<folder>train</folder>
	<filename>19-with-mask.jpg</filename>
	<path>D:\face_mask_detector\train\19-with-mask.jpg</path>
	<source>
		<database>Unknown</database>
	</source>
	<size>
		<width>603</width>
		<height>340</height>
		<depth>3</depth>
	</size>
	<segmented>0</segmented>
	<object>
		<name>with_mask</name>
		<pose>Unspecified</pose>
		<truncated>0</truncated>
		<difficult>0</difficult>
		<bndbox>
			<xmin>220</xmin>
			<ymin>16</ymin>
			<xmax>444</xmax>
			<ymax>276</ymax>
		</bndbox>
	</object>
</annotation>
