<annotation>
	<folder>train</folder>
	<filename>192-with-mask.jpg</filename>
	<path>D:\face_mask_detector\train\192-with-mask.jpg</path>
	<source>
		<database>Unknown</database>
	</source>
	<size>
		<width>480</width>
		<height>640</height>
		<depth>3</depth>
	</size>
	<segmented>0</segmented>
	<object>
		<name>with_mask</name>
		<pose>Unspecified</pose>
		<truncated>0</truncated>
		<difficult>0</difficult>
		<bndbox>
			<xmin>95</xmin>
			<ymin>135</ymin>
			<xmax>349</xmax>
			<ymax>381</ymax>
		</bndbox>
	</object>
</annotation>
