<annotation>
	<folder>train</folder>
	<filename>218.jpg</filename>
	<path>D:\face_mask_detector\train\218.jpg</path>
	<source>
		<database>Unknown</database>
	</source>
	<size>
		<width>327</width>
		<height>433</height>
		<depth>3</depth>
	</size>
	<segmented>0</segmented>
	<object>
		<name>without_mask</name>
		<pose>Unspecified</pose>
		<truncated>0</truncated>
		<difficult>0</difficult>
		<bndbox>
			<xmin>21</xmin>
			<ymin>14</ymin>
			<xmax>316</xmax>
			<ymax>392</ymax>
		</bndbox>
	</object>
</annotation>
