<annotation>
	<folder>train</folder>
	<filename>26-with-mask.jpg</filename>
	<path>D:\face_mask_detector\train\26-with-mask.jpg</path>
	<source>
		<database>Unknown</database>
	</source>
	<size>
		<width>444</width>
		<height>455</height>
		<depth>3</depth>
	</size>
	<segmented>0</segmented>
	<object>
		<name>with_mask</name>
		<pose>Unspecified</pose>
		<truncated>0</truncated>
		<difficult>0</difficult>
		<bndbox>
			<xmin>19</xmin>
			<ymin>37</ymin>
			<xmax>342</xmax>
			<ymax>365</ymax>
		</bndbox>
	</object>
</annotation>
