<annotation>
	<folder>train</folder>
	<filename>0.jpg</filename>
	<path>D:\face_mask_detector\train\0.jpg</path>
	<source>
		<database>Unknown</database>
	</source>
	<size>
		<width>180</width>
		<height>270</height>
		<depth>3</depth>
	</size>
	<segmented>0</segmented>
	<object>
		<name>without_mask</name>
		<pose>Unspecified</pose>
		<truncated>0</truncated>
		<difficult>0</difficult>
		<bndbox>
			<xmin>40</xmin>
			<ymin>4</ymin>
			<xmax>131</xmax>
			<ymax>130</ymax>
		</bndbox>
	</object>
</annotation>
