<annotation>
	<folder>train</folder>
	<filename>1-with-mask.jpg</filename>
	<path>D:\face_mask_detector\train\1-with-mask.jpg</path>
	<source>
		<database>Unknown</database>
	</source>
	<size>
		<width>525</width>
		<height>350</height>
		<depth>3</depth>
	</size>
	<segmented>0</segmented>
	<object>
		<name>with_mask</name>
		<pose>Unspecified</pose>
		<truncated>1</truncated>
		<difficult>0</difficult>
		<bndbox>
			<xmin>171</xmin>
			<ymin>1</ymin>
			<xmax>434</xmax>
			<ymax>304</ymax>
		</bndbox>
	</object>
</annotation>
