<annotation>
	<folder>train</folder>
	<filename>1.jpg</filename>
	<path>D:\face_mask_detector\train\1.jpg</path>
	<source>
		<database>Unknown</database>
	</source>
	<size>
		<width>154</width>
		<height>225</height>
		<depth>3</depth>
	</size>
	<segmented>0</segmented>
	<object>
		<name>without_mask</name>
		<pose>Unspecified</pose>
		<truncated>0</truncated>
		<difficult>0</difficult>
		<bndbox>
			<xmin>2</xmin>
			<ymin>2</ymin>
			<xmax>152</xmax>
			<ymax>189</ymax>
		</bndbox>
	</object>
</annotation>
