<annotation>
	<folder>train</folder>
	<filename>110-with-mask.jpg</filename>
	<path>D:\face_mask_detector\train\110-with-mask.jpg</path>
	<source>
		<database>Unknown</database>
	</source>
	<size>
		<width>594</width>
		<height>960</height>
		<depth>3</depth>
	</size>
	<segmented>0</segmented>
	<object>
		<name>with_mask</name>
		<pose>Unspecified</pose>
		<truncated>0</truncated>
		<difficult>0</difficult>
		<bndbox>
			<xmin>96</xmin>
			<ymin>62</ymin>
			<xmax>375</xmax>
			<ymax>403</ymax>
		</bndbox>
	</object>
</annotation>
