<annotation>
	<folder>train</folder>
	<filename>116.jpg</filename>
	<path>D:\face_mask_detector\train\116.jpg</path>
	<source>
		<database>Unknown</database>
	</source>
	<size>
		<width>300</width>
		<height>300</height>
		<depth>3</depth>
	</size>
	<segmented>0</segmented>
	<object>
		<name>without_mask</name>
		<pose>Unspecified</pose>
		<truncated>1</truncated>
		<difficult>0</difficult>
		<bndbox>
			<xmin>98</xmin>
			<ymin>1</ymin>
			<xmax>221</xmax>
			<ymax>162</ymax>
		</bndbox>
	</object>
</annotation>
