<annotation>
	<folder>train</folder>
	<filename>118.jpg</filename>
	<path>D:\face_mask_detector\train\118.jpg</path>
	<source>
		<database>Unknown</database>
	</source>
	<size>
		<width>295</width>
		<height>400</height>
		<depth>3</depth>
	</size>
	<segmented>0</segmented>
	<object>
		<name>without_mask</name>
		<pose>Unspecified</pose>
		<truncated>0</truncated>
		<difficult>0</difficult>
		<bndbox>
			<xmin>54</xmin>
			<ymin>20</ymin>
			<xmax>257</xmax>
			<ymax>258</ymax>
		</bndbox>
	</object>
</annotation>
