<annotation>
	<folder>train</folder>
	<filename>12-with-mask.jpg</filename>
	<path>D:\face_mask_detector\train\12-with-mask.jpg</path>
	<source>
		<database>Unknown</database>
	</source>
	<size>
		<width>622</width>
		<height>350</height>
		<depth>3</depth>
	</size>
	<segmented>0</segmented>
	<object>
		<name>with_mask</name>
		<pose>Unspecified</pose>
		<truncated>0</truncated>
		<difficult>0</difficult>
		<bndbox>
			<xmin>221</xmin>
			<ymin>81</ymin>
			<xmax>403</xmax>
			<ymax>278</ymax>
		</bndbox>
	</object>
</annotation>
