<annotation>
	<folder>train</folder>
	<filename>122.jpg</filename>
	<path>D:\face_mask_detector\train\122.jpg</path>
	<source>
		<database>Unknown</database>
	</source>
	<size>
		<width>320</width>
		<height>428</height>
		<depth>3</depth>
	</size>
	<segmented>0</segmented>
	<object>
		<name>without_mask</name>
		<pose>Unspecified</pose>
		<truncated>0</truncated>
		<difficult>0</difficult>
		<bndbox>
			<xmin>42</xmin>
			<ymin>18</ymin>
			<xmax>301</xmax>
			<ymax>354</ymax>
		</bndbox>
	</object>
</annotation>
