<annotation>
	<folder>train</folder>
	<filename>127.jpg</filename>
	<path>D:\face_mask_detector\train\127.jpg</path>
	<source>
		<database>Unknown</database>
	</source>
	<size>
		<width>190</width>
		<height>265</height>
		<depth>3</depth>
	</size>
	<segmented>0</segmented>
	<object>
		<name>without_mask</name>
		<pose>Unspecified</pose>
		<truncated>0</truncated>
		<difficult>0</difficult>
		<bndbox>
			<xmin>9</xmin>
			<ymin>9</ymin>
			<xmax>180</xmax>
			<ymax>234</ymax>
		</bndbox>
	</object>
</annotation>
