<annotation>
	<folder>train</folder>
	<filename>128-with-mask.jpg</filename>
	<path>D:\face_mask_detector\train\128-with-mask.jpg</path>
	<source>
		<database>Unknown</database>
	</source>
	<size>
		<width>312</width>
		<height>351</height>
		<depth>3</depth>
	</size>
	<segmented>0</segmented>
	<object>
		<name>with_mask</name>
		<pose>Unspecified</pose>
		<truncated>0</truncated>
		<difficult>0</difficult>
		<bndbox>
			<xmin>44</xmin>
			<ymin>10</ymin>
			<xmax>262</xmax>
			<ymax>286</ymax>
		</bndbox>
	</object>
</annotation>
