<annotation>
	<folder>train</folder>
	<filename>131-with-mask.jpg</filename>
	<path>D:\face_mask_detector\train\131-with-mask.jpg</path>
	<source>
		<database>Unknown</database>
	</source>
	<size>
		<width>340</width>
		<height>417</height>
		<depth>3</depth>
	</size>
	<segmented>0</segmented>
	<object>
		<name>with_mask</name>
		<pose>Unspecified</pose>
		<truncated>0</truncated>
		<difficult>0</difficult>
		<bndbox>
			<xmin>45</xmin>
			<ymin>13</ymin>
			<xmax>335</xmax>
			<ymax>349</ymax>
		</bndbox>
	</object>
</annotation>
