<annotation>
	<folder>train</folder>
	<filename>131.jpg</filename>
	<path>D:\face_mask_detector\train\131.jpg</path>
	<source>
		<database>Unknown</database>
	</source>
	<size>
		<width>340</width>
		<height>417</height>
		<depth>3</depth>
	</size>
	<segmented>0</segmented>
	<object>
		<name>without_mask</name>
		<pose>Unspecified</pose>
		<truncated>0</truncated>
		<difficult>0</difficult>
		<bndbox>
			<xmin>43</xmin>
			<ymin>22</ymin>
			<xmax>332</xmax>
			<ymax>362</ymax>
		</bndbox>
	</object>
</annotation>
