<annotation>
	<folder>train</folder>
	<filename>132.jpg</filename>
	<path>D:\face_mask_detector\train\132.jpg</path>
	<source>
		<database>Unknown</database>
	</source>
	<size>
		<width>720</width>
		<height>540</height>
		<depth>3</depth>
	</size>
	<segmented>0</segmented>
	<object>
		<name>without_mask</name>
		<pose>Unspecified</pose>
		<truncated>0</truncated>
		<difficult>0</difficult>
		<bndbox>
			<xmin>267</xmin>
			<ymin>92</ymin>
			<xmax>384</xmax>
			<ymax>273</ymax>
		</bndbox>
	</object>
</annotation>
