<annotation>
	<folder>train</folder>
	<filename>136-with-mask.jpg</filename>
	<path>D:\face_mask_detector\train\136-with-mask.jpg</path>
	<source>
		<database>Unknown</database>
	</source>
	<size>
		<width>285</width>
		<height>372</height>
		<depth>3</depth>
	</size>
	<segmented>0</segmented>
	<object>
		<name>with_mask</name>
		<pose>Unspecified</pose>
		<truncated>0</truncated>
		<difficult>0</difficult>
		<bndbox>
			<xmin>15</xmin>
			<ymin>14</ymin>
			<xmax>250</xmax>
			<ymax>295</ymax>
		</bndbox>
	</object>
</annotation>
