<annotation>
	<folder>train</folder>
	<filename>138-with-mask.jpg</filename>
	<path>D:\face_mask_detector\train\138-with-mask.jpg</path>
	<source>
		<database>Unknown</database>
	</source>
	<size>
		<width>956</width>
		<height>960</height>
		<depth>3</depth>
	</size>
	<segmented>0</segmented>
	<object>
		<name>with_mask</name>
		<pose>Unspecified</pose>
		<truncated>0</truncated>
		<difficult>0</difficult>
		<bndbox>
			<xmin>322</xmin>
			<ymin>186</ymin>
			<xmax>616</xmax>
			<ymax>596</ymax>
		</bndbox>
	</object>
</annotation>
