<annotation>
	<folder>train</folder>
	<filename>138.jpg</filename>
	<path>D:\face_mask_detector\train\138.jpg</path>
	<source>
		<database>Unknown</database>
	</source>
	<size>
		<width>956</width>
		<height>960</height>
		<depth>3</depth>
	</size>
	<segmented>0</segmented>
	<object>
		<name>without_mask</name>
		<pose>Unspecified</pose>
		<truncated>0</truncated>
		<difficult>0</difficult>
		<bndbox>
			<xmin>330</xmin>
			<ymin>192</ymin>
			<xmax>633</xmax>
			<ymax>565</ymax>
		</bndbox>
	</object>
</annotation>
