<annotation>
	<folder>train</folder>
	<filename>140-with-mask.jpg</filename>
	<path>D:\face_mask_detector\train\140-with-mask.jpg</path>
	<source>
		<database>Unknown</database>
	</source>
	<size>
		<width>320</width>
		<height>428</height>
		<depth>3</depth>
	</size>
	<segmented>0</segmented>
	<object>
		<name>with_mask</name>
		<pose>Unspecified</pose>
		<truncated>0</truncated>
		<difficult>0</difficult>
		<bndbox>
			<xmin>35</xmin>
			<ymin>42</ymin>
			<xmax>302</xmax>
			<ymax>391</ymax>
		</bndbox>
	</object>
</annotation>
