<annotation>
	<folder>train</folder>
	<filename>142.jpg</filename>
	<path>D:\face_mask_detector\train\142.jpg</path>
	<source>
		<database>Unknown</database>
	</source>
	<size>
		<width>196</width>
		<height>258</height>
		<depth>3</depth>
	</size>
	<segmented>0</segmented>
	<object>
		<name>without_mask</name>
		<pose>Unspecified</pose>
		<truncated>0</truncated>
		<difficult>0</difficult>
		<bndbox>
			<xmin>23</xmin>
			<ymin>5</ymin>
			<xmax>185</xmax>
			<ymax>215</ymax>
		</bndbox>
	</object>
</annotation>
