<annotation>
	<folder>train</folder>
	<filename>145.jpg</filename>
	<path>D:\face_mask_detector\train\145.jpg</path>
	<source>
		<database>Unknown</database>
	</source>
	<size>
		<width>320</width>
		<height>428</height>
		<depth>3</depth>
	</size>
	<segmented>0</segmented>
	<object>
		<name>without_mask</name>
		<pose>Unspecified</pose>
		<truncated>0</truncated>
		<difficult>0</difficult>
		<bndbox>
			<xmin>14</xmin>
			<ymin>15</ymin>
			<xmax>286</xmax>
			<ymax>398</ymax>
		</bndbox>
	</object>
</annotation>
