<annotation>
	<folder>train</folder>
	<filename>147-with-mask.jpg</filename>
	<path>D:\face_mask_detector\train\147-with-mask.jpg</path>
	<source>
		<database>Unknown</database>
	</source>
	<size>
		<width>173</width>
		<height>221</height>
		<depth>3</depth>
	</size>
	<segmented>0</segmented>
	<object>
		<name>with_mask</name>
		<pose>Unspecified</pose>
		<truncated>0</truncated>
		<difficult>0</difficult>
		<bndbox>
			<xmin>5</xmin>
			<ymin>20</ymin>
			<xmax>149</xmax>
			<ymax>179</ymax>
		</bndbox>
	</object>
</annotation>
