<annotation>
	<folder>train</folder>
	<filename>150-with-mask.jpg</filename>
	<path>D:\face_mask_detector\train\150-with-mask.jpg</path>
	<source>
		<database>Unknown</database>
	</source>
	<size>
		<width>414</width>
		<height>534</height>
		<depth>3</depth>
	</size>
	<segmented>0</segmented>
	<object>
		<name>with_mask</name>
		<pose>Unspecified</pose>
		<truncated>0</truncated>
		<difficult>0</difficult>
		<bndbox>
			<xmin>24</xmin>
			<ymin>7</ymin>
			<xmax>364</xmax>
			<ymax>495</ymax>
		</bndbox>
	</object>
</annotation>
