<annotation>
	<folder>train</folder>
	<filename>153-with-mask.jpg</filename>
	<path>D:\face_mask_detector\train\153-with-mask.jpg</path>
	<source>
		<database>Unknown</database>
	</source>
	<size>
		<width>195</width>
		<height>259</height>
		<depth>3</depth>
	</size>
	<segmented>0</segmented>
	<object>
		<name>with_mask</name>
		<pose>Unspecified</pose>
		<truncated>1</truncated>
		<difficult>0</difficult>
		<bndbox>
			<xmin>8</xmin>
			<ymin>1</ymin>
			<xmax>195</xmax>
			<ymax>253</ymax>
		</bndbox>
	</object>
</annotation>
