<annotation>
	<folder>train</folder>
	<filename>154-with-mask.jpg</filename>
	<path>D:\face_mask_detector\train\154-with-mask.jpg</path>
	<source>
		<database>Unknown</database>
	</source>
	<size>
		<width>226</width>
		<height>250</height>
		<depth>3</depth>
	</size>
	<segmented>0</segmented>
	<object>
		<name>with_mask</name>
		<pose>Unspecified</pose>
		<truncated>0</truncated>
		<difficult>0</difficult>
		<bndbox>
			<xmin>22</xmin>
			<ymin>3</ymin>
			<xmax>189</xmax>
			<ymax>211</ymax>
		</bndbox>
	</object>
</annotation>
