<annotation>
	<folder>train</folder>
	<filename>157-with-mask.jpg</filename>
	<path>D:\face_mask_detector\train\157-with-mask.jpg</path>
	<source>
		<database>Unknown</database>
	</source>
	<size>
		<width>374</width>
		<height>584</height>
		<depth>3</depth>
	</size>
	<segmented>0</segmented>
	<object>
		<name>with_mask</name>
		<pose>Unspecified</pose>
		<truncated>0</truncated>
		<difficult>0</difficult>
		<bndbox>
			<xmin>29</xmin>
			<ymin>41</ymin>
			<xmax>371</xmax>
			<ymax>568</ymax>
		</bndbox>
	</object>
</annotation>
