<annotation>
	<folder>train</folder>
	<filename>169-with-mask.jpg</filename>
	<path>D:\face_mask_detector\train\169-with-mask.jpg</path>
	<source>
		<database>Unknown</database>
	</source>
	<size>
		<width>257</width>
		<height>196</height>
		<depth>3</depth>
	</size>
	<segmented>0</segmented>
	<object>
		<name>with_mask</name>
		<pose>Unspecified</pose>
		<truncated>1</truncated>
		<difficult>0</difficult>
		<bndbox>
			<xmin>94</xmin>
			<ymin>1</ymin>
			<xmax>240</xmax>
			<ymax>173</ymax>
		</bndbox>
	</object>
</annotation>
