<annotation>
	<folder>train</folder>
	<filename>169.jpg</filename>
	<path>D:\face_mask_detector\train\169.jpg</path>
	<source>
		<database>Unknown</database>
	</source>
	<size>
		<width>257</width>
		<height>196</height>
		<depth>3</depth>
	</size>
	<segmented>0</segmented>
	<object>
		<name>without_mask</name>
		<pose>Unspecified</pose>
		<truncated>1</truncated>
		<difficult>0</difficult>
		<bndbox>
			<xmin>97</xmin>
			<ymin>1</ymin>
			<xmax>239</xmax>
			<ymax>174</ymax>
		</bndbox>
	</object>
</annotation>
