<annotation>
	<folder>train</folder>
	<filename>17.jpg</filename>
	<path>D:\face_mask_detector\train\17.jpg</path>
	<source>
		<database>Unknown</database>
	</source>
	<size>
		<width>322</width>
		<height>436</height>
		<depth>3</depth>
	</size>
	<segmented>0</segmented>
	<object>
		<name>without_mask</name>
		<pose>Unspecified</pose>
		<truncated>0</truncated>
		<difficult>0</difficult>
		<bndbox>
			<xmin>16</xmin>
			<ymin>26</ymin>
			<xmax>314</xmax>
			<ymax>394</ymax>
		</bndbox>
	</object>
</annotation>
