<annotation>
	<folder>train</folder>
	<filename>171.jpg</filename>
	<path>D:\face_mask_detector\train\171.jpg</path>
	<source>
		<database>Unknown</database>
	</source>
	<size>
		<width>318</width>
		<height>442</height>
		<depth>3</depth>
	</size>
	<segmented>0</segmented>
	<object>
		<name>without_mask</name>
		<pose>Unspecified</pose>
		<truncated>0</truncated>
		<difficult>0</difficult>
		<bndbox>
			<xmin>20</xmin>
			<ymin>26</ymin>
			<xmax>309</xmax>
			<ymax>390</ymax>
		</bndbox>
	</object>
</annotation>
