<annotation>
	<folder>train</folder>
	<filename>173-with-mask.jpg</filename>
	<path>D:\face_mask_detector\train\173-with-mask.jpg</path>
	<source>
		<database>Unknown</database>
	</source>
	<size>
		<width>203</width>
		<height>233</height>
		<depth>3</depth>
	</size>
	<segmented>0</segmented>
	<object>
		<name>with_mask</name>
		<pose>Unspecified</pose>
		<truncated>0</truncated>
		<difficult>0</difficult>
		<bndbox>
			<xmin>47</xmin>
			<ymin>23</ymin>
			<xmax>151</xmax>
			<ymax>151</ymax>
		</bndbox>
	</object>
</annotation>
