<annotation>
	<folder>train</folder>
	<filename>174-with-mask.jpg</filename>
	<path>D:\face_mask_detector\train\174-with-mask.jpg</path>
	<source>
		<database>Unknown</database>
	</source>
	<size>
		<width>338</width>
		<height>414</height>
		<depth>3</depth>
	</size>
	<segmented>0</segmented>
	<object>
		<name>with_mask</name>
		<pose>Unspecified</pose>
		<truncated>0</truncated>
		<difficult>0</difficult>
		<bndbox>
			<xmin>27</xmin>
			<ymin>31</ymin>
			<xmax>295</xmax>
			<ymax>328</ymax>
		</bndbox>
	</object>
</annotation>
