<annotation>
	<folder>train</folder>
	<filename>175.jpg</filename>
	<path>D:\face_mask_detector\train\175.jpg</path>
	<source>
		<database>Unknown</database>
	</source>
	<size>
		<width>225</width>
		<height>225</height>
		<depth>3</depth>
	</size>
	<segmented>0</segmented>
	<object>
		<name>without_mask</name>
		<pose>Unspecified</pose>
		<truncated>1</truncated>
		<difficult>0</difficult>
		<bndbox>
			<xmin>50</xmin>
			<ymin>1</ymin>
			<xmax>178</xmax>
			<ymax>165</ymax>
		</bndbox>
	</object>
</annotation>
