<annotation>
	<folder>train</folder>
	<filename>177-with-mask.jpg</filename>
	<path>D:\face_mask_detector\train\177-with-mask.jpg</path>
	<source>
		<database>Unknown</database>
	</source>
	<size>
		<width>296</width>
		<height>170</height>
		<depth>3</depth>
	</size>
	<segmented>0</segmented>
	<object>
		<name>with_mask</name>
		<pose>Unspecified</pose>
		<truncated>0</truncated>
		<difficult>0</difficult>
		<bndbox>
			<xmin>81</xmin>
			<ymin>5</ymin>
			<xmax>208</xmax>
			<ymax>155</ymax>
		</bndbox>
	</object>
</annotation>
