<annotation>
	<folder>train</folder>
	<filename>179.jpg</filename>
	<path>D:\face_mask_detector\train\179.jpg</path>
	<source>
		<database>Unknown</database>
	</source>
	<size>
		<width>189</width>
		<height>267</height>
		<depth>3</depth>
	</size>
	<segmented>0</segmented>
	<object>
		<name>without_mask</name>
		<pose>Unspecified</pose>
		<truncated>0</truncated>
		<difficult>0</difficult>
		<bndbox>
			<xmin>10</xmin>
			<ymin>8</ymin>
			<xmax>182</xmax>
			<ymax>244</ymax>
		</bndbox>
	</object>
</annotation>
