<annotation>
	<folder>train</folder>
	<filename>18-with-mask.jpg</filename>
	<path>D:\face_mask_detector\train\18-with-mask.jpg</path>
	<source>
		<database>Unknown</database>
	</source>
	<size>
		<width>341</width>
		<height>431</height>
		<depth>3</depth>
	</size>
	<segmented>0</segmented>
	<object>
		<name>with_mask</name>
		<pose>Unspecified</pose>
		<truncated>0</truncated>
		<difficult>0</difficult>
		<bndbox>
			<xmin>22</xmin>
			<ymin>6</ymin>
			<xmax>316</xmax>
			<ymax>329</ymax>
		</bndbox>
	</object>
</annotation>
