<annotation>
	<folder>train</folder>
	<filename>187.jpg</filename>
	<path>D:\face_mask_detector\train\187.jpg</path>
	<source>
		<database>Unknown</database>
	</source>
	<size>
		<width>320</width>
		<height>428</height>
		<depth>3</depth>
	</size>
	<segmented>0</segmented>
	<object>
		<name>without_mask</name>
		<pose>Unspecified</pose>
		<truncated>0</truncated>
		<difficult>0</difficult>
		<bndbox>
			<xmin>40</xmin>
			<ymin>18</ymin>
			<xmax>317</xmax>
			<ymax>384</ymax>
		</bndbox>
	</object>
</annotation>
