<annotation>
	<folder>train</folder>
	<filename>192.jpg</filename>
	<path>D:\face_mask_detector\train\192.jpg</path>
	<source>
		<database>Unknown</database>
	</source>
	<size>
		<width>480</width>
		<height>640</height>
		<depth>3</depth>
	</size>
	<segmented>0</segmented>
	<object>
		<name>without_mask</name>
		<pose>Unspecified</pose>
		<truncated>0</truncated>
		<difficult>0</difficult>
		<bndbox>
			<xmin>124</xmin>
			<ymin>149</ymin>
			<xmax>333</xmax>
			<ymax>366</ymax>
		</bndbox>
	</object>
</annotation>
