<annotation>
	<folder>train</folder>
	<filename>194.jpg</filename>
	<path>D:\face_mask_detector\train\194.jpg</path>
	<source>
		<database>Unknown</database>
	</source>
	<size>
		<width>327</width>
		<height>433</height>
		<depth>3</depth>
	</size>
	<segmented>0</segmented>
	<object>
		<name>without_mask</name>
		<pose>Unspecified</pose>
		<truncated>0</truncated>
		<difficult>0</difficult>
		<bndbox>
			<xmin>42</xmin>
			<ymin>7</ymin>
			<xmax>321</xmax>
			<ymax>403</ymax>
		</bndbox>
	</object>
</annotation>
