<annotation>
	<folder>train</folder>
	<filename>2-with-mask.jpg</filename>
	<path>D:\face_mask_detector\train\2-with-mask.jpg</path>
	<source>
		<database>Unknown</database>
	</source>
	<size>
		<width>510</width>
		<height>340</height>
		<depth>3</depth>
	</size>
	<segmented>0</segmented>
	<object>
		<name>with_mask</name>
		<pose>Unspecified</pose>
		<truncated>0</truncated>
		<difficult>0</difficult>
		<bndbox>
			<xmin>139</xmin>
			<ymin>27</ymin>
			<xmax>383</xmax>
			<ymax>311</ymax>
		</bndbox>
	</object>
</annotation>
