<annotation>
	<folder>train</folder>
	<filename>2.jpg</filename>
	<path>D:\face_mask_detector\train\2.jpg</path>
	<source>
		<database>Unknown</database>
	</source>
	<size>
		<width>320</width>
		<height>433</height>
		<depth>3</depth>
	</size>
	<segmented>0</segmented>
	<object>
		<name>without_mask</name>
		<pose>Unspecified</pose>
		<truncated>0</truncated>
		<difficult>0</difficult>
		<bndbox>
			<xmin>33</xmin>
			<ymin>39</ymin>
			<xmax>289</xmax>
			<ymax>399</ymax>
		</bndbox>
	</object>
</annotation>
