<annotation>
	<folder>train</folder>
	<filename>213.jpg</filename>
	<path>D:\face_mask_detector\train\213.jpg</path>
	<source>
		<database>Unknown</database>
	</source>
	<size>
		<width>341</width>
		<height>456</height>
		<depth>3</depth>
	</size>
	<segmented>0</segmented>
	<object>
		<name>without_mask</name>
		<pose>Unspecified</pose>
		<truncated>0</truncated>
		<difficult>0</difficult>
		<bndbox>
			<xmin>26</xmin>
			<ymin>21</ymin>
			<xmax>296</xmax>
			<ymax>379</ymax>
		</bndbox>
	</object>
</annotation>
