<annotation>
	<folder>train</folder>
	<filename>214.jpg</filename>
	<path>D:\face_mask_detector\train\214.jpg</path>
	<source>
		<database>Unknown</database>
	</source>
	<size>
		<width>207</width>
		<height>329</height>
		<depth>3</depth>
	</size>
	<segmented>0</segmented>
	<object>
		<name>without_mask</name>
		<pose>Unspecified</pose>
		<truncated>0</truncated>
		<difficult>0</difficult>
		<bndbox>
			<xmin>11</xmin>
			<ymin>10</ymin>
			<xmax>191</xmax>
			<ymax>266</ymax>
		</bndbox>
	</object>
</annotation>
