<annotation>
	<folder>train</folder>
	<filename>217-with-mask.jpg</filename>
	<path>D:\face_mask_detector\train\217-with-mask.jpg</path>
	<source>
		<database>Unknown</database>
	</source>
	<size>
		<width>327</width>
		<height>433</height>
		<depth>3</depth>
	</size>
	<segmented>0</segmented>
	<object>
		<name>with_mask</name>
		<pose>Unspecified</pose>
		<truncated>0</truncated>
		<difficult>0</difficult>
		<bndbox>
			<xmin>37</xmin>
			<ymin>15</ymin>
			<xmax>318</xmax>
			<ymax>360</ymax>
		</bndbox>
	</object>
</annotation>
