<annotation>
	<folder>train</folder>
	<filename>218-with-mask.jpg</filename>
	<path>D:\face_mask_detector\train\218-with-mask.jpg</path>
	<source>
		<database>Unknown</database>
	</source>
	<size>
		<width>327</width>
		<height>433</height>
		<depth>3</depth>
	</size>
	<segmented>0</segmented>
	<object>
		<name>with_mask</name>
		<pose>Unspecified</pose>
		<truncated>0</truncated>
		<difficult>0</difficult>
		<bndbox>
			<xmin>29</xmin>
			<ymin>16</ymin>
			<xmax>312</xmax>
			<ymax>382</ymax>
		</bndbox>
	</object>
</annotation>
