<annotation>
	<folder>train</folder>
	<filename>219-with-mask.jpg</filename>
	<path>D:\face_mask_detector\train\219-with-mask.jpg</path>
	<source>
		<database>Unknown</database>
	</source>
	<size>
		<width>320</width>
		<height>433</height>
		<depth>3</depth>
	</size>
	<segmented>0</segmented>
	<object>
		<name>with_mask</name>
		<pose>Unspecified</pose>
		<truncated>0</truncated>
		<difficult>0</difficult>
		<bndbox>
			<xmin>12</xmin>
			<ymin>10</ymin>
			<xmax>314</xmax>
			<ymax>405</ymax>
		</bndbox>
	</object>
</annotation>
