<annotation>
	<folder>train</folder>
	<filename>22.jpg</filename>
	<path>D:\face_mask_detector\train\22.jpg</path>
	<source>
		<database>Unknown</database>
	</source>
	<size>
		<width>441</width>
		<height>494</height>
		<depth>3</depth>
	</size>
	<segmented>0</segmented>
	<object>
		<name>without_mask</name>
		<pose>Unspecified</pose>
		<truncated>0</truncated>
		<difficult>0</difficult>
		<bndbox>
			<xmin>106</xmin>
			<ymin>79</ymin>
			<xmax>345</xmax>
			<ymax>384</ymax>
		</bndbox>
	</object>
</annotation>
