<annotation>
	<folder>train</folder>
	<filename>223-with-mask.jpg</filename>
	<path>D:\face_mask_detector\train\223-with-mask.jpg</path>
	<source>
		<database>Unknown</database>
	</source>
	<size>
		<width>183</width>
		<height>275</height>
		<depth>3</depth>
	</size>
	<segmented>0</segmented>
	<object>
		<name>with_mask</name>
		<pose>Unspecified</pose>
		<truncated>0</truncated>
		<difficult>0</difficult>
		<bndbox>
			<xmin>4</xmin>
			<ymin>3</ymin>
			<xmax>177</xmax>
			<ymax>233</ymax>
		</bndbox>
	</object>
</annotation>
