<annotation>
	<folder>train</folder>
	<filename>225.jpg</filename>
	<path>D:\face_mask_detector\train\225.jpg</path>
	<source>
		<database>Unknown</database>
	</source>
	<size>
		<width>184</width>
		<height>274</height>
		<depth>3</depth>
	</size>
	<segmented>0</segmented>
	<object>
		<name>without_mask</name>
		<pose>Unspecified</pose>
		<truncated>0</truncated>
		<difficult>0</difficult>
		<bndbox>
			<xmin>42</xmin>
			<ymin>8</ymin>
			<xmax>170</xmax>
			<ymax>184</ymax>
		</bndbox>
	</object>
</annotation>
