<annotation>
	<folder>train</folder>
	<filename>226.jpg</filename>
	<path>D:\face_mask_detector\train\226.jpg</path>
	<source>
		<database>Unknown</database>
	</source>
	<size>
		<width>110</width>
		<height>222</height>
		<depth>3</depth>
	</size>
	<segmented>0</segmented>
	<object>
		<name>without_mask</name>
		<pose>Unspecified</pose>
		<truncated>1</truncated>
		<difficult>0</difficult>
		<bndbox>
			<xmin>1</xmin>
			<ymin>37</ymin>
			<xmax>110</xmax>
			<ymax>205</ymax>
		</bndbox>
	</object>
</annotation>
