<annotation>
	<folder>train</folder>
	<filename>227-with-mask.jpg</filename>
	<path>D:\face_mask_detector\train\227-with-mask.jpg</path>
	<source>
		<database>Unknown</database>
	</source>
	<size>
		<width>797</width>
		<height>650</height>
		<depth>3</depth>
	</size>
	<segmented>0</segmented>
	<object>
		<name>with_mask</name>
		<pose>Unspecified</pose>
		<truncated>0</truncated>
		<difficult>0</difficult>
		<bndbox>
			<xmin>164</xmin>
			<ymin>7</ymin>
			<xmax>703</xmax>
			<ymax>597</ymax>
		</bndbox>
	</object>
</annotation>
