<annotation>
	<folder>train</folder>
	<filename>227.jpg</filename>
	<path>D:\face_mask_detector\train\227.jpg</path>
	<source>
		<database>Unknown</database>
	</source>
	<size>
		<width>797</width>
		<height>650</height>
		<depth>3</depth>
	</size>
	<segmented>0</segmented>
	<object>
		<name>without_mask</name>
		<pose>Unspecified</pose>
		<truncated>0</truncated>
		<difficult>0</difficult>
		<bndbox>
			<xmin>188</xmin>
			<ymin>10</ymin>
			<xmax>712</xmax>
			<ymax>600</ymax>
		</bndbox>
	</object>
</annotation>
