<annotation>
	<folder>train</folder>
	<filename>228-with-mask.jpg</filename>
	<path>D:\face_mask_detector\train\228-with-mask.jpg</path>
	<source>
		<database>Unknown</database>
	</source>
	<size>
		<width>503</width>
		<height>450</height>
		<depth>3</depth>
	</size>
	<segmented>0</segmented>
	<object>
		<name>with_mask</name>
		<pose>Unspecified</pose>
		<truncated>0</truncated>
		<difficult>0</difficult>
		<bndbox>
			<xmin>111</xmin>
			<ymin>11</ymin>
			<xmax>409</xmax>
			<ymax>305</ymax>
		</bndbox>
	</object>
</annotation>
