<annotation>
	<folder>train</folder>
	<filename>229-with-mask.jpg</filename>
	<path>D:\face_mask_detector\train\229-with-mask.jpg</path>
	<source>
		<database>Unknown</database>
	</source>
	<size>
		<width>316</width>
		<height>313</height>
		<depth>3</depth>
	</size>
	<segmented>0</segmented>
	<object>
		<name>with_mask</name>
		<pose>Unspecified</pose>
		<truncated>0</truncated>
		<difficult>0</difficult>
		<bndbox>
			<xmin>51</xmin>
			<ymin>8</ymin>
			<xmax>274</xmax>
			<ymax>229</ymax>
		</bndbox>
	</object>
</annotation>
