<annotation>
	<folder>train</folder>
	<filename>229.jpg</filename>
	<path>D:\face_mask_detector\train\229.jpg</path>
	<source>
		<database>Unknown</database>
	</source>
	<size>
		<width>316</width>
		<height>313</height>
		<depth>3</depth>
	</size>
	<segmented>0</segmented>
	<object>
		<name>without_mask</name>
		<pose>Unspecified</pose>
		<truncated>0</truncated>
		<difficult>0</difficult>
		<bndbox>
			<xmin>62</xmin>
			<ymin>4</ymin>
			<xmax>273</xmax>
			<ymax>239</ymax>
		</bndbox>
	</object>
</annotation>
