<annotation>
	<folder>train</folder>
	<filename>24-with-mask.jpg</filename>
	<path>D:\face_mask_detector\train\24-with-mask.jpg</path>
	<source>
		<database>Unknown</database>
	</source>
	<size>
		<width>349</width>
		<height>367</height>
		<depth>3</depth>
	</size>
	<segmented>0</segmented>
	<object>
		<name>with_mask</name>
		<pose>Unspecified</pose>
		<truncated>0</truncated>
		<difficult>0</difficult>
		<bndbox>
			<xmin>22</xmin>
			<ymin>5</ymin>
			<xmax>282</xmax>
			<ymax>268</ymax>
		</bndbox>
	</object>
</annotation>
