<annotation>
	<folder>train</folder>
	<filename>26.jpg</filename>
	<path>D:\face_mask_detector\train\26.jpg</path>
	<source>
		<database>Unknown</database>
	</source>
	<size>
		<width>444</width>
		<height>455</height>
		<depth>3</depth>
	</size>
	<segmented>0</segmented>
	<object>
		<name>without_mask</name>
		<pose>Unspecified</pose>
		<truncated>0</truncated>
		<difficult>0</difficult>
		<bndbox>
			<xmin>34</xmin>
			<ymin>31</ymin>
			<xmax>337</xmax>
			<ymax>378</ymax>
		</bndbox>
	</object>
</annotation>
