<annotation>
	<folder>train</folder>
	<filename>28.jpg</filename>
	<path>D:\face_mask_detector\train\28.jpg</path>
	<source>
		<database>Unknown</database>
	</source>
	<size>
		<width>396</width>
		<height>511</height>
		<depth>3</depth>
	</size>
	<segmented>0</segmented>
	<object>
		<name>without_mask</name>
		<pose>Unspecified</pose>
		<truncated>0</truncated>
		<difficult>0</difficult>
		<bndbox>
			<xmin>12</xmin>
			<ymin>21</ymin>
			<xmax>378</xmax>
			<ymax>443</ymax>
		</bndbox>
	</object>
</annotation>
