<annotation>
	<folder>train</folder>
	<filename>30-with-mask.jpg</filename>
	<path>D:\face_mask_detector\train\30-with-mask.jpg</path>
	<source>
		<database>Unknown</database>
	</source>
	<size>
		<width>148</width>
		<height>235</height>
		<depth>3</depth>
	</size>
	<segmented>0</segmented>
	<object>
		<name>with_mask</name>
		<pose>Unspecified</pose>
		<truncated>0</truncated>
		<difficult>0</difficult>
		<bndbox>
			<xmin>30</xmin>
			<ymin>30</ymin>
			<xmax>138</xmax>
			<ymax>181</ymax>
		</bndbox>
	</object>
</annotation>
