<annotation>
	<folder>train</folder>
	<filename>30.jpg</filename>
	<path>D:\face_mask_detector\train\30.jpg</path>
	<source>
		<database>Unknown</database>
	</source>
	<size>
		<width>148</width>
		<height>235</height>
		<depth>3</depth>
	</size>
	<segmented>0</segmented>
	<object>
		<name>without_mask</name>
		<pose>Unspecified</pose>
		<truncated>0</truncated>
		<difficult>0</difficult>
		<bndbox>
			<xmin>34</xmin>
			<ymin>28</ymin>
			<xmax>135</xmax>
			<ymax>182</ymax>
		</bndbox>
	</object>
</annotation>
