<annotation>
	<folder>train</folder>
	<filename>31.jpg</filename>
	<path>D:\face_mask_detector\train\31.jpg</path>
	<source>
		<database>Unknown</database>
	</source>
	<size>
		<width>327</width>
		<height>433</height>
		<depth>3</depth>
	</size>
	<segmented>0</segmented>
	<object>
		<name>without_mask</name>
		<pose>Unspecified</pose>
		<truncated>0</truncated>
		<difficult>0</difficult>
		<bndbox>
			<xmin>40</xmin>
			<ymin>4</ymin>
			<xmax>304</xmax>
			<ymax>370</ymax>
		</bndbox>
	</object>
</annotation>
