<annotation>
	<folder>train</folder>
	<filename>32-with-mask.jpg</filename>
	<path>D:\face_mask_detector\train\32-with-mask.jpg</path>
	<source>
		<database>Unknown</database>
	</source>
	<size>
		<width>317</width>
		<height>458</height>
		<depth>3</depth>
	</size>
	<segmented>0</segmented>
	<object>
		<name>with_mask</name>
		<pose>Unspecified</pose>
		<truncated>0</truncated>
		<difficult>0</difficult>
		<bndbox>
			<xmin>29</xmin>
			<ymin>55</ymin>
			<xmax>257</xmax>
			<ymax>309</ymax>
		</bndbox>
	</object>
</annotation>
