<annotation>
	<folder>train</folder>
	<filename>32.jpg</filename>
	<path>D:\face_mask_detector\train\32.jpg</path>
	<source>
		<database>Unknown</database>
	</source>
	<size>
		<width>317</width>
		<height>458</height>
		<depth>3</depth>
	</size>
	<segmented>0</segmented>
	<object>
		<name>without_mask</name>
		<pose>Unspecified</pose>
		<truncated>0</truncated>
		<difficult>0</difficult>
		<bndbox>
			<xmin>38</xmin>
			<ymin>61</ymin>
			<xmax>245</xmax>
			<ymax>333</ymax>
		</bndbox>
	</object>
</annotation>
