<annotation>
	<folder>train</folder>
	<filename>34-with-mask.jpg</filename>
	<path>D:\face_mask_detector\train\34-with-mask.jpg</path>
	<source>
		<database>Unknown</database>
	</source>
	<size>
		<width>194</width>
		<height>259</height>
		<depth>3</depth>
	</size>
	<segmented>0</segmented>
	<object>
		<name>with_mask</name>
		<pose>Unspecified</pose>
		<truncated>0</truncated>
		<difficult>0</difficult>
		<bndbox>
			<xmin>15</xmin>
			<ymin>27</ymin>
			<xmax>177</xmax>
			<ymax>246</ymax>
		</bndbox>
	</object>
</annotation>
