<annotation>
	<folder>train</folder>
	<filename>37.jpg</filename>
	<path>D:\face_mask_detector\train\37.jpg</path>
	<source>
		<database>Unknown</database>
	</source>
	<size>
		<width>191</width>
		<height>213</height>
		<depth>3</depth>
	</size>
	<segmented>0</segmented>
	<object>
		<name>without_mask</name>
		<pose>Unspecified</pose>
		<truncated>0</truncated>
		<difficult>0</difficult>
		<bndbox>
			<xmin>39</xmin>
			<ymin>19</ymin>
			<xmax>141</xmax>
			<ymax>139</ymax>
		</bndbox>
	</object>
</annotation>
