<annotation>
	<folder>train</folder>
	<filename>4.jpg</filename>
	<path>D:\face_mask_detector\train\4.jpg</path>
	<source>
		<database>Unknown</database>
	</source>
	<size>
		<width>232</width>
		<height>217</height>
		<depth>3</depth>
	</size>
	<segmented>0</segmented>
	<object>
		<name>without_mask</name>
		<pose>Unspecified</pose>
		<truncated>0</truncated>
		<difficult>0</difficult>
		<bndbox>
			<xmin>24</xmin>
			<ymin>4</ymin>
			<xmax>211</xmax>
			<ymax>211</ymax>
		</bndbox>
	</object>
</annotation>
