<annotation>
	<folder>train</folder>
	<filename>41-with-mask.jpg</filename>
	<path>D:\face_mask_detector\train\41-with-mask.jpg</path>
	<source>
		<database>Unknown</database>
	</source>
	<size>
		<width>450</width>
		<height>400</height>
		<depth>3</depth>
	</size>
	<segmented>0</segmented>
	<object>
		<name>with_mask</name>
		<pose>Unspecified</pose>
		<truncated>1</truncated>
		<difficult>0</difficult>
		<bndbox>
			<xmin>20</xmin>
			<ymin>1</ymin>
			<xmax>368</xmax>
			<ymax>353</ymax>
		</bndbox>
	</object>
</annotation>
