<annotation>
	<folder>train</folder>
	<filename>42-with-mask.jpg</filename>
	<path>D:\face_mask_detector\train\42-with-mask.jpg</path>
	<source>
		<database>Unknown</database>
	</source>
	<size>
		<width>301</width>
		<height>416</height>
		<depth>3</depth>
	</size>
	<segmented>0</segmented>
	<object>
		<name>with_mask</name>
		<pose>Unspecified</pose>
		<truncated>0</truncated>
		<difficult>0</difficult>
		<bndbox>
			<xmin>2</xmin>
			<ymin>8</ymin>
			<xmax>296</xmax>
			<ymax>394</ymax>
		</bndbox>
	</object>
</annotation>
