<annotation>
	<folder>train</folder>
	<filename>47-with-mask.jpg</filename>
	<path>D:\face_mask_detector\train\47-with-mask.jpg</path>
	<source>
		<database>Unknown</database>
	</source>
	<size>
		<width>412</width>
		<height>501</height>
		<depth>3</depth>
	</size>
	<segmented>0</segmented>
	<object>
		<name>with_mask</name>
		<pose>Unspecified</pose>
		<truncated>0</truncated>
		<difficult>0</difficult>
		<bndbox>
			<xmin>13</xmin>
			<ymin>20</ymin>
			<xmax>344</xmax>
			<ymax>459</ymax>
		</bndbox>
	</object>
</annotation>
