<annotation>
	<folder>train</folder>
	<filename>48-with-mask.jpg</filename>
	<path>D:\face_mask_detector\train\48-with-mask.jpg</path>
	<source>
		<database>Unknown</database>
	</source>
	<size>
		<width>306</width>
		<height>165</height>
		<depth>3</depth>
	</size>
	<segmented>0</segmented>
	<object>
		<name>with_mask</name>
		<pose>Unspecified</pose>
		<truncated>1</truncated>
		<difficult>0</difficult>
		<bndbox>
			<xmin>84</xmin>
			<ymin>1</ymin>
			<xmax>232</xmax>
			<ymax>155</ymax>
		</bndbox>
	</object>
</annotation>
