<annotation>
	<folder>train</folder>
	<filename>53-with-mask.jpg</filename>
	<path>D:\face_mask_detector\train\53-with-mask.jpg</path>
	<source>
		<database>Unknown</database>
	</source>
	<size>
		<width>226</width>
		<height>280</height>
		<depth>3</depth>
	</size>
	<segmented>0</segmented>
	<object>
		<name>with_mask</name>
		<pose>Unspecified</pose>
		<truncated>0</truncated>
		<difficult>0</difficult>
		<bndbox>
			<xmin>17</xmin>
			<ymin>14</ymin>
			<xmax>182</xmax>
			<ymax>192</ymax>
		</bndbox>
	</object>
</annotation>
