<annotation>
	<folder>train</folder>
	<filename>58.jpg</filename>
	<path>D:\face_mask_detector\train\58.jpg</path>
	<source>
		<database>Unknown</database>
	</source>
	<size>
		<width>473</width>
		<height>439</height>
		<depth>3</depth>
	</size>
	<segmented>0</segmented>
	<object>
		<name>without_mask</name>
		<pose>Unspecified</pose>
		<truncated>1</truncated>
		<difficult>0</difficult>
		<bndbox>
			<xmin>85</xmin>
			<ymin>1</ymin>
			<xmax>396</xmax>
			<ymax>323</ymax>
		</bndbox>
	</object>
</annotation>
