<annotation>
	<folder>train</folder>
	<filename>6-with-mask.jpg</filename>
	<path>D:\face_mask_detector\train\6-with-mask.jpg</path>
	<source>
		<database>Unknown</database>
	</source>
	<size>
		<width>510</width>
		<height>340</height>
		<depth>3</depth>
	</size>
	<segmented>0</segmented>
	<object>
		<name>with_mask</name>
		<pose>Unspecified</pose>
		<truncated>0</truncated>
		<difficult>0</difficult>
		<bndbox>
			<xmin>223</xmin>
			<ymin>7</ymin>
			<xmax>418</xmax>
			<ymax>237</ymax>
		</bndbox>
	</object>
</annotation>
