<annotation>
	<folder>train</folder>
	<filename>6.jpg</filename>
	<path>D:\face_mask_detector\train\6.jpg</path>
	<source>
		<database>Unknown</database>
	</source>
	<size>
		<width>589</width>
		<height>439</height>
		<depth>3</depth>
	</size>
	<segmented>0</segmented>
	<object>
		<name>without_mask</name>
		<pose>Unspecified</pose>
		<truncated>0</truncated>
		<difficult>0</difficult>
		<bndbox>
			<xmin>89</xmin>
			<ymin>33</ymin>
			<xmax>365</xmax>
			<ymax>334</ymax>
		</bndbox>
	</object>
</annotation>
