<annotation>
	<folder>train</folder>
	<filename>61.jpg</filename>
	<path>D:\face_mask_detector\train\61.jpg</path>
	<source>
		<database>Unknown</database>
	</source>
	<size>
		<width>307</width>
		<height>326</height>
		<depth>3</depth>
	</size>
	<segmented>0</segmented>
	<object>
		<name>without_mask</name>
		<pose>Unspecified</pose>
		<truncated>0</truncated>
		<difficult>0</difficult>
		<bndbox>
			<xmin>45</xmin>
			<ymin>9</ymin>
			<xmax>271</xmax>
			<ymax>313</ymax>
		</bndbox>
	</object>
</annotation>
