<annotation>
	<folder>train</folder>
	<filename>62.jpg</filename>
	<path>D:\face_mask_detector\train\62.jpg</path>
	<source>
		<database>Unknown</database>
	</source>
	<size>
		<width>244</width>
		<height>263</height>
		<depth>3</depth>
	</size>
	<segmented>0</segmented>
	<object>
		<name>without_mask</name>
		<pose>Unspecified</pose>
		<truncated>0</truncated>
		<difficult>0</difficult>
		<bndbox>
			<xmin>15</xmin>
			<ymin>3</ymin>
			<xmax>217</xmax>
			<ymax>227</ymax>
		</bndbox>
	</object>
</annotation>
