<annotation>
	<folder>train</folder>
	<filename>7-with-mask.jpg</filename>
	<path>D:\face_mask_detector\train\7-with-mask.jpg</path>
	<source>
		<database>Unknown</database>
	</source>
	<size>
		<width>327</width>
		<height>475</height>
		<depth>3</depth>
	</size>
	<segmented>0</segmented>
	<object>
		<name>with_mask</name>
		<pose>Unspecified</pose>
		<truncated>1</truncated>
		<difficult>0</difficult>
		<bndbox>
			<xmin>11</xmin>
			<ymin>21</ymin>
			<xmax>327</xmax>
			<ymax>426</ymax>
		</bndbox>
	</object>
</annotation>
