<annotation>
	<folder>train</folder>
	<filename>73.jpg</filename>
	<path>D:\face_mask_detector\train\73.jpg</path>
	<source>
		<database>Unknown</database>
	</source>
	<size>
		<width>224</width>
		<height>240</height>
		<depth>3</depth>
	</size>
	<segmented>0</segmented>
	<object>
		<name>without_mask</name>
		<pose>Unspecified</pose>
		<truncated>1</truncated>
		<difficult>0</difficult>
		<bndbox>
			<xmin>48</xmin>
			<ymin>1</ymin>
			<xmax>189</xmax>
			<ymax>166</ymax>
		</bndbox>
	</object>
</annotation>
