<annotation>
	<folder>train</folder>
	<filename>74-with-mask.jpg</filename>
	<path>D:\face_mask_detector\train\74-with-mask.jpg</path>
	<source>
		<database>Unknown</database>
	</source>
	<size>
		<width>225</width>
		<height>225</height>
		<depth>3</depth>
	</size>
	<segmented>0</segmented>
	<object>
		<name>with_mask</name>
		<pose>Unspecified</pose>
		<truncated>0</truncated>
		<difficult>0</difficult>
		<bndbox>
			<xmin>39</xmin>
			<ymin>2</ymin>
			<xmax>189</xmax>
			<ymax>187</ymax>
		</bndbox>
	</object>
</annotation>
