<annotation>
	<folder>train</folder>
	<filename>78-with-mask.jpg</filename>
	<path>D:\face_mask_detector\train\78-with-mask.jpg</path>
	<source>
		<database>Unknown</database>
	</source>
	<size>
		<width>299</width>
		<height>168</height>
		<depth>3</depth>
	</size>
	<segmented>0</segmented>
	<object>
		<name>with_mask</name>
		<pose>Unspecified</pose>
		<truncated>1</truncated>
		<difficult>0</difficult>
		<bndbox>
			<xmin>80</xmin>
			<ymin>1</ymin>
			<xmax>212</xmax>
			<ymax>138</ymax>
		</bndbox>
	</object>
</annotation>
