<annotation>
	<folder>train</folder>
	<filename>8-with-mask.jpg</filename>
	<path>D:\face_mask_detector\train\8-with-mask.jpg</path>
	<source>
		<database>Unknown</database>
	</source>
	<size>
		<width>233</width>
		<height>350</height>
		<depth>3</depth>
	</size>
	<segmented>0</segmented>
	<object>
		<name>with_mask</name>
		<pose>Unspecified</pose>
		<truncated>0</truncated>
		<difficult>0</difficult>
		<bndbox>
			<xmin>58</xmin>
			<ymin>4</ymin>
			<xmax>193</xmax>
			<ymax>188</ymax>
		</bndbox>
	</object>
</annotation>
