<annotation>
	<folder>train</folder>
	<filename>80-with-mask.jpg</filename>
	<path>D:\face_mask_detector\train\80-with-mask.jpg</path>
	<source>
		<database>Unknown</database>
	</source>
	<size>
		<width>167</width>
		<height>249</height>
		<depth>3</depth>
	</size>
	<segmented>0</segmented>
	<object>
		<name>with_mask</name>
		<pose>Unspecified</pose>
		<truncated>0</truncated>
		<difficult>0</difficult>
		<bndbox>
			<xmin>7</xmin>
			<ymin>8</ymin>
			<xmax>144</xmax>
			<ymax>186</ymax>
		</bndbox>
	</object>
</annotation>
