<annotation>
	<folder>train</folder>
	<filename>83.jpg</filename>
	<path>D:\face_mask_detector\train\83.jpg</path>
	<source>
		<database>Unknown</database>
	</source>
	<size>
		<width>327</width>
		<height>433</height>
		<depth>3</depth>
	</size>
	<segmented>0</segmented>
	<object>
		<name>without_mask</name>
		<pose>Unspecified</pose>
		<truncated>0</truncated>
		<difficult>0</difficult>
		<bndbox>
			<xmin>19</xmin>
			<ymin>11</ymin>
			<xmax>322</xmax>
			<ymax>379</ymax>
		</bndbox>
	</object>
</annotation>
