<annotation>
	<folder>train</folder>
	<filename>85-with-mask.jpg</filename>
	<path>D:\face_mask_detector\train\85-with-mask.jpg</path>
	<source>
		<database>Unknown</database>
	</source>
	<size>
		<width>390</width>
		<height>551</height>
		<depth>3</depth>
	</size>
	<segmented>0</segmented>
	<object>
		<name>with_mask</name>
		<pose>Unspecified</pose>
		<truncated>0</truncated>
		<difficult>0</difficult>
		<bndbox>
			<xmin>14</xmin>
			<ymin>18</ymin>
			<xmax>363</xmax>
			<ymax>456</ymax>
		</bndbox>
	</object>
</annotation>
