<annotation>
	<folder>train</folder>
	<filename>88.jpg</filename>
	<path>D:\face_mask_detector\train\88.jpg</path>
	<source>
		<database>Unknown</database>
	</source>
	<size>
		<width>303</width>
		<height>166</height>
		<depth>3</depth>
	</size>
	<segmented>0</segmented>
	<object>
		<name>without_mask</name>
		<pose>Unspecified</pose>
		<truncated>1</truncated>
		<difficult>0</difficult>
		<bndbox>
			<xmin>34</xmin>
			<ymin>1</ymin>
			<xmax>269</xmax>
			<ymax>166</ymax>
		</bndbox>
	</object>
</annotation>
