<annotation>
	<folder>train</folder>
	<filename>89-with-mask.jpg</filename>
	<path>D:\face_mask_detector\train\89-with-mask.jpg</path>
	<source>
		<database>Unknown</database>
	</source>
	<size>
		<width>531</width>
		<height>800</height>
		<depth>3</depth>
	</size>
	<segmented>0</segmented>
	<object>
		<name>with_mask</name>
		<pose>Unspecified</pose>
		<truncated>0</truncated>
		<difficult>0</difficult>
		<bndbox>
			<xmin>56</xmin>
			<ymin>46</ymin>
			<xmax>478</xmax>
			<ymax>624</ymax>
		</bndbox>
	</object>
</annotation>
