<annotation>
	<folder>train</folder>
	<filename>9-with-mask.jpg</filename>
	<path>D:\face_mask_detector\train\9-with-mask.jpg</path>
	<source>
		<database>Unknown</database>
	</source>
	<size>
		<width>410</width>
		<height>350</height>
		<depth>3</depth>
	</size>
	<segmented>0</segmented>
	<object>
		<name>with_mask</name>
		<pose>Unspecified</pose>
		<truncated>1</truncated>
		<difficult>0</difficult>
		<bndbox>
			<xmin>73</xmin>
			<ymin>1</ymin>
			<xmax>329</xmax>
			<ymax>318</ymax>
		</bndbox>
	</object>
</annotation>
