<annotation>
	<folder>train</folder>
	<filename>9.jpg</filename>
	<path>D:\face_mask_detector\train\9.jpg</path>
	<source>
		<database>Unknown</database>
	</source>
	<size>
		<width>183</width>
		<height>275</height>
		<depth>3</depth>
	</size>
	<segmented>0</segmented>
	<object>
		<name>without_mask</name>
		<pose>Unspecified</pose>
		<truncated>0</truncated>
		<difficult>0</difficult>
		<bndbox>
			<xmin>9</xmin>
			<ymin>5</ymin>
			<xmax>173</xmax>
			<ymax>253</ymax>
		</bndbox>
	</object>
</annotation>
