<annotation>
	<folder>train</folder>
	<filename>91.jpg</filename>
	<path>D:\face_mask_detector\train\91.jpg</path>
	<source>
		<database>Unknown</database>
	</source>
	<size>
		<width>242</width>
		<height>208</height>
		<depth>3</depth>
	</size>
	<segmented>0</segmented>
	<object>
		<name>without_mask</name>
		<pose>Unspecified</pose>
		<truncated>0</truncated>
		<difficult>0</difficult>
		<bndbox>
			<xmin>49</xmin>
			<ymin>3</ymin>
			<xmax>200</xmax>
			<ymax>193</ymax>
		</bndbox>
	</object>
</annotation>
