<annotation>
	<folder>train</folder>
	<filename>94.jpg</filename>
	<path>D:\face_mask_detector\train\94.jpg</path>
	<source>
		<database>Unknown</database>
	</source>
	<size>
		<width>237</width>
		<height>252</height>
		<depth>3</depth>
	</size>
	<segmented>0</segmented>
	<object>
		<name>without_mask</name>
		<pose>Unspecified</pose>
		<truncated>0</truncated>
		<difficult>0</difficult>
		<bndbox>
			<xmin>37</xmin>
			<ymin>23</ymin>
			<xmax>178</xmax>
			<ymax>175</ymax>
		</bndbox>
	</object>
</annotation>
