<annotation>
	<folder>train</folder>
	<filename>98-with-mask.jpg</filename>
	<path>D:\face_mask_detector\train\98-with-mask.jpg</path>
	<source>
		<database>Unknown</database>
	</source>
	<size>
		<width>459</width>
		<height>446</height>
		<depth>3</depth>
	</size>
	<segmented>0</segmented>
	<object>
		<name>with_mask</name>
		<pose>Unspecified</pose>
		<truncated>0</truncated>
		<difficult>0</difficult>
		<bndbox>
			<xmin>28</xmin>
			<ymin>29</ymin>
			<xmax>413</xmax>
			<ymax>432</ymax>
		</bndbox>
	</object>
</annotation>
