<annotation>
	<folder>train</folder>
	<filename>11-with-mask.jpg</filename>
	<path>D:\face_mask_detector\train\11-with-mask.jpg</path>
	<source>
		<database>Unknown</database>
	</source>
	<size>
		<width>524</width>
		<height>350</height>
		<depth>3</depth>
	</size>
	<segmented>0</segmented>
	<object>
		<name>with_mask</name>
		<pose>Unspecified</pose>
		<truncated>0</truncated>
		<difficult>0</difficult>
		<bndbox>
			<xmin>152</xmin>
			<ymin>9</ymin>
			<xmax>351</xmax>
			<ymax>255</ymax>
		</bndbox>
	</object>
</annotation>
