<annotation>
	<folder>train</folder>
	<filename>13-with-mask.jpg</filename>
	<path>D:\face_mask_detector\train\13-with-mask.jpg</path>
	<source>
		<database>Unknown</database>
	</source>
	<size>
		<width>524</width>
		<height>350</height>
		<depth>3</depth>
	</size>
	<segmented>0</segmented>
	<object>
		<name>with_mask</name>
		<pose>Unspecified</pose>
		<truncated>0</truncated>
		<difficult>0</difficult>
		<bndbox>
			<xmin>190</xmin>
			<ymin>3</ymin>
			<xmax>364</xmax>
			<ymax>234</ymax>
		</bndbox>
	</object>
</annotation>
