<annotation>
	<folder>train</folder>
	<filename>14.jpg</filename>
	<path>D:\face_mask_detector\train\14.jpg</path>
	<source>
		<database>Unknown</database>
	</source>
	<size>
		<width>184</width>
		<height>274</height>
		<depth>3</depth>
	</size>
	<segmented>0</segmented>
	<object>
		<name>without_mask</name>
		<pose>Unspecified</pose>
		<truncated>0</truncated>
		<difficult>0</difficult>
		<bndbox>
			<xmin>39</xmin>
			<ymin>3</ymin>
			<xmax>151</xmax>
			<ymax>153</ymax>
		</bndbox>
	</object>
</annotation>
