<annotation>
	<folder>train</folder>
	<filename>141.jpg</filename>
	<path>D:\face_mask_detector\train\141.jpg</path>
	<source>
		<database>Unknown</database>
	</source>
	<size>
		<width>197</width>
		<height>256</height>
		<depth>3</depth>
	</size>
	<segmented>0</segmented>
	<object>
		<name>without_mask</name>
		<pose>Unspecified</pose>
		<truncated>1</truncated>
		<difficult>0</difficult>
		<bndbox>
			<xmin>13</xmin>
			<ymin>1</ymin>
			<xmax>181</xmax>
			<ymax>241</ymax>
		</bndbox>
	</object>
</annotation>
