<annotation>
	<folder>train</folder>
	<filename>151-with-mask.jpg</filename>
	<path>D:\face_mask_detector\train\151-with-mask.jpg</path>
	<source>
		<database>Unknown</database>
	</source>
	<size>
		<width>273</width>
		<height>400</height>
		<depth>3</depth>
	</size>
	<segmented>0</segmented>
	<object>
		<name>with_mask</name>
		<pose>Unspecified</pose>
		<truncated>0</truncated>
		<difficult>0</difficult>
		<bndbox>
			<xmin>12</xmin>
			<ymin>14</ymin>
			<xmax>261</xmax>
			<ymax>381</ymax>
		</bndbox>
	</object>
</annotation>
