<annotation>
	<folder>train</folder>
	<filename>159-with-mask.jpg</filename>
	<path>D:\face_mask_detector\train\159-with-mask.jpg</path>
	<source>
		<database>Unknown</database>
	</source>
	<size>
		<width>201</width>
		<height>289</height>
		<depth>3</depth>
	</size>
	<segmented>0</segmented>
	<object>
		<name>with_mask</name>
		<pose>Unspecified</pose>
		<truncated>0</truncated>
		<difficult>0</difficult>
		<bndbox>
			<xmin>8</xmin>
			<ymin>8</ymin>
			<xmax>183</xmax>
			<ymax>247</ymax>
		</bndbox>
	</object>
</annotation>
