<annotation>
	<folder>train</folder>
	<filename>161.jpg</filename>
	<path>D:\face_mask_detector\train\161.jpg</path>
	<source>
		<database>Unknown</database>
	</source>
	<size>
		<width>188</width>
		<height>283</height>
		<depth>3</depth>
	</size>
	<segmented>0</segmented>
	<object>
		<name>without_mask</name>
		<pose>Unspecified</pose>
		<truncated>0</truncated>
		<difficult>0</difficult>
		<bndbox>
			<xmin>3</xmin>
			<ymin>20</ymin>
			<xmax>180</xmax>
			<ymax>266</ymax>
		</bndbox>
	</object>
</annotation>
