<annotation>
	<folder>train</folder>
	<filename>172.jpg</filename>
	<path>D:\face_mask_detector\train\172.jpg</path>
	<source>
		<database>Unknown</database>
	</source>
	<size>
		<width>259</width>
		<height>194</height>
		<depth>3</depth>
	</size>
	<segmented>0</segmented>
	<object>
		<name>without_mask</name>
		<pose>Unspecified</pose>
		<truncated>0</truncated>
		<difficult>0</difficult>
		<bndbox>
			<xmin>62</xmin>
			<ymin>3</ymin>
			<xmax>190</xmax>
			<ymax>161</ymax>
		</bndbox>
	</object>
</annotation>
