<annotation>
	<folder>train</folder>
	<filename>193-with-mask.jpg</filename>
	<path>D:\face_mask_detector\train\193-with-mask.jpg</path>
	<source>
		<database>Unknown</database>
	</source>
	<size>
		<width>320</width>
		<height>428</height>
		<depth>3</depth>
	</size>
	<segmented>0</segmented>
	<object>
		<name>with_mask</name>
		<pose>Unspecified</pose>
		<truncated>1</truncated>
		<difficult>0</difficult>
		<bndbox>
			<xmin>14</xmin>
			<ymin>1</ymin>
			<xmax>317</xmax>
			<ymax>390</ymax>
		</bndbox>
	</object>
</annotation>
