<annotation>
	<folder>train</folder>
	<filename>200-with-mask.jpg</filename>
	<path>D:\face_mask_detector\train\200-with-mask.jpg</path>
	<source>
		<database>Unknown</database>
	</source>
	<size>
		<width>301</width>
		<height>461</height>
		<depth>3</depth>
	</size>
	<segmented>0</segmented>
	<object>
		<name>with_mask</name>
		<pose>Unspecified</pose>
		<truncated>0</truncated>
		<difficult>0</difficult>
		<bndbox>
			<xmin>57</xmin>
			<ymin>7</ymin>
			<xmax>267</xmax>
			<ymax>237</ymax>
		</bndbox>
	</object>
</annotation>
