<annotation>
	<folder>train</folder>
	<filename>210.jpg</filename>
	<path>D:\face_mask_detector\train\210.jpg</path>
	<source>
		<database>Unknown</database>
	</source>
	<size>
		<width>222</width>
		<height>227</height>
		<depth>3</depth>
	</size>
	<segmented>0</segmented>
	<object>
		<name>without_mask</name>
		<pose>Unspecified</pose>
		<truncated>1</truncated>
		<difficult>0</difficult>
		<bndbox>
			<xmin>12</xmin>
			<ymin>1</ymin>
			<xmax>217</xmax>
			<ymax>221</ymax>
		</bndbox>
	</object>
</annotation>
