<annotation>
	<folder>train</folder>
	<filename>215-with-mask.jpg</filename>
	<path>D:\face_mask_detector\train\215-with-mask.jpg</path>
	<source>
		<database>Unknown</database>
	</source>
	<size>
		<width>320</width>
		<height>428</height>
		<depth>3</depth>
	</size>
	<segmented>0</segmented>
	<object>
		<name>with_mask</name>
		<pose>Unspecified</pose>
		<truncated>0</truncated>
		<difficult>0</difficult>
		<bndbox>
			<xmin>38</xmin>
			<ymin>15</ymin>
			<xmax>306</xmax>
			<ymax>374</ymax>
		</bndbox>
	</object>
</annotation>
