<annotation>
	<folder>train</folder>
	<filename>230.jpg</filename>
	<path>D:\face_mask_detector\train\230.jpg</path>
	<source>
		<database>Unknown</database>
	</source>
	<size>
		<width>353</width>
		<height>502</height>
		<depth>3</depth>
	</size>
	<segmented>0</segmented>
	<object>
		<name>without_mask</name>
		<pose>Unspecified</pose>
		<truncated>0</truncated>
		<difficult>0</difficult>
		<bndbox>
			<xmin>19</xmin>
			<ymin>4</ymin>
			<xmax>350</xmax>
			<ymax>438</ymax>
		</bndbox>
	</object>
</annotation>
