<annotation>
	<folder>train</folder>
	<filename>24.jpg</filename>
	<path>D:\face_mask_detector\train\24.jpg</path>
	<source>
		<database>Unknown</database>
	</source>
	<size>
		<width>349</width>
		<height>367</height>
		<depth>3</depth>
	</size>
	<segmented>0</segmented>
	<object>
		<name>without_mask</name>
		<pose>Unspecified</pose>
		<truncated>0</truncated>
		<difficult>0</difficult>
		<bndbox>
			<xmin>25</xmin>
			<ymin>2</ymin>
			<xmax>282</xmax>
			<ymax>267</ymax>
		</bndbox>
	</object>
</annotation>
