<annotation>
	<folder>train</folder>
	<filename>36-with-mask.jpg</filename>
	<path>D:\face_mask_detector\train\36-with-mask.jpg</path>
	<source>
		<database>Unknown</database>
	</source>
	<size>
		<width>167</width>
		<height>230</height>
		<depth>3</depth>
	</size>
	<segmented>0</segmented>
	<object>
		<name>with_mask</name>
		<pose>Unspecified</pose>
		<truncated>1</truncated>
		<difficult>0</difficult>
		<bndbox>
			<xmin>1</xmin>
			<ymin>4</ymin>
			<xmax>166</xmax>
			<ymax>226</ymax>
		</bndbox>
	</object>
</annotation>
